slug,url,doc_url,sections,images,blocks,metadata,editor_guide,status,reviewer,notes
research/infectious-diseases/hiv/access-strategy-for-hiv-prevention,https://www.msd.com/research/infectious-diseases/hiv/access-strategy-for-hiv-prevention/,https://docs.google.com/document/d/1D1s6W2zYBWthZ1ZlyxvWhYrjLpCW2Gnf37EZPAcNUiE/edit,,,,,,,open,
research/infectious-diseases/hiv/real-life-with-hiv,https://www.msd.com/research/infectious-diseases/hiv/real-life-with-hiv/,https://docs.google.com/document/d/1Kh5653quGBFOvPvS7Pv6yOf2cVLFBzPwoPbmRS2N8Sw/edit,,,,,,,open,
terms-of-use/terms-of-use-for-canada-french,https://www.msd.com/terms-of-use/terms-of-use-for-canada-french/,https://docs.google.com/document/d/1nAs77xLfMeTt-nFt4qklgs0dn2SxEAUI0a0q4NNY8lw/edit,,,,,,,open,
terms-of-use/terms-of-use-for-canada-english,https://www.msd.com/terms-of-use/terms-of-use-for-canada-english/,https://docs.google.com/document/d/1J7_s_ZYmRCZNyZHXdtY-eh-brbYW0lyL5RlH1zbaAYk/edit,,,,,,,open,
terms-of-use/terms-of-use-for-the-united-states,https://www.msd.com/terms-of-use/terms-of-use-for-the-united-states/,https://docs.google.com/document/d/1vFIV8FCxSjtgnGNBTRdFmXhxv3AZlPBAGe62x8AjJuA/edit,,,,,,,open,
terms-of-use/terms-of-use-for-msd,https://www.msd.com/terms-of-use/terms-of-use-for-msd/,https://docs.google.com/document/d/1i-OeSHCiHFp46-_6NT6VPzLFuMhGNov3gfDSnG6fpVI/edit,,,,,,,open,
research/oncology/bladder-aware,https://www.msd.com/research/oncology/bladder-aware/,https://docs.google.com/document/d/1MlO5BJl1ABJToYMxRTn2cFF3TEqFYXcrPyb7cJd4WRo/edit,,,,,,,open,
company-overview/honors-and-awards,https://www.msd.com/company-overview/honors-and-awards/,https://docs.google.com/document/d/1NUZ6izNFsAJGF6eC2Tn2ehdGKDjWZ9xxv6iMW4MNjqg/edit,,,,,,,open,
research/areas-of-innovation/green-and-sustainable-science,https://www.msd.com/research/areas-of-innovation/green-and-sustainable-science/,https://docs.google.com/document/d/1K4I63hMbXiEBwVl3LBfQLXM0LM3rkDyBYL19v8hRuqo/edit,,,,,,,open,
company-overview/sustainability/philanthropy/improving-health-care-access/rutgers-global-health-institute,https://www.msd.com/company-overview/sustainability/philanthropy/improving-health-care-access/rutgers-global-health-institute/,https://docs.google.com/document/d/1LRG_f7dnRyhGKFSo73jJNgmgslzZi2lIID242PsZd0U/edit,,,,,,,open,
research/business-development-and-licensing/mrl-ventures-fund,https://www.msd.com/research/business-development-and-licensing/mrl-ventures-fund/,https://docs.google.com/document/d/13ROG5IYIH_SkeA9XAYT0CUO7mWMIHuHZ13A__eLitdg/edit,,,,,,,open,
home,https://www.msd.com/,https://docs.google.com/document/d/1maO-8A1f7yi72fKeQ3qHmdQB4TVGF-_3Ws7KQfWtWdY/edit,,,,,,,open,
patients/fighting-counterfeit-medicine,https://www.msd.com/patients/fighting-counterfeit-medicine/,https://docs.google.com/document/d/1rqX6TPc-8Lz5_wMorbQ6PuPWutaEbmPw669-B3IR6yA/edit,,,,,,,open,
research/oncology/mission-lung-cancer,https://www.msd.com/research/oncology/mission-lung-cancer/,https://docs.google.com/document/d/1UVTDZoRKVOahe9LfsXpzzcP1aT52zfFRMLmy49tSqrE/edit,,,,,,,open,
research/areas-of-innovation/our-therapeutic-modalities,https://www.msd.com/research/areas-of-innovation/our-therapeutic-modalities/,https://docs.google.com/document/d/17H6ffxMM3HwWCc0JlURmbOdCoDT9qA-88aMExfjA6us/edit,,,,,,,open,
research/oncology/dont-go-with-the-flow,https://www.msd.com/research/oncology/dont-go-with-the-flow/,https://docs.google.com/document/d/1rk0VZy4EPLhhgWw82vi9vVKKBbF5rsPw-BTHSbLedUM/edit,,,,,,,open,
company-overview/sustainability/philanthropy/improving-health-care-access,https://www.msd.com/company-overview/sustainability/philanthropy/improving-health-care-access/,https://docs.google.com/document/d/1JDE0wCZZE3O1zr-8-UxQ7ZhhsOv67A63F9l--qNLLNM/edit,,,,,,,open,
company-overview/sustainability/philanthropy/improving-health-care-access/advancing-access-to-cardiovascular-care-in-the-u-s,https://www.msd.com/company-overview/sustainability/philanthropy/improving-health-care-access/advancing-access-to-cardiovascular-care-in-the-u-s/,https://docs.google.com/document/d/1UJCGUiiE_EOCKvnd5Pj37M1Qv_8vtErbuVonOCYo2ks/edit,,,,,,,open,
research/cardiometabolic-and-respiratory-diseases,https://www.msd.com/research/cardiometabolic-and-respiratory-diseases/,https://docs.google.com/document/d/189yxVjbBWfvuQu_oqcg0pG9TjvaN7y4O4J46_b81DyY/edit,,,,,,,open,
company-overview/sustainability/philanthropy/product-donation-programs,https://www.msd.com/company-overview/sustainability/philanthropy/product-donation-programs/,https://docs.google.com/document/d/1nzTxwN2IIstvmbLUq7_qNUg4QOg7bDywnwEd4Yz_LdY/edit,,,,,,,open,
company-overview/sustainability/philanthropy/global-emergency-response,https://www.msd.com/company-overview/sustainability/philanthropy/global-emergency-response/,https://docs.google.com/document/d/1F2_WNwGH1lqHsAGV1N54-V_7aSLvDEw-4exBYnCPDgU/edit,,,,,,,open,
investor-relations,https://www.msd.com/investor-relations/,https://docs.google.com/document/d/1KviVnYlrpyv_XGjXVQBXDX-M-j9NZURw0A1ROhyH1bc/edit,,,,,,,open,
investor-relations/stock-info,https://www.msd.com/investor-relations/stock-info/,https://docs.google.com/document/d/1MUofH9dzVGHQ4LQd1wlqWM9r4G0oQC20VOfgrIyRwFw/edit,,,,,,,open,
research/areas-of-innovation/translational-medicine,https://www.msd.com/research/areas-of-innovation/translational-medicine/,https://docs.google.com/document/d/1p5-MmZ_wMq5NZs8KnPnG99-zN15ss-hRhv9c-93lkkE/edit,,,,,,,open,
what-we-do/manufacturing,https://www.msd.com/what-we-do/manufacturing/,https://docs.google.com/document/d/1mSAcE9KSP_0TQL196saJJu_Aj4lirayU1BeCwArQkz0/edit,,,,,,,open,
media/news,https://www.msd.com/media/news/,https://docs.google.com/document/d/1Owzps9OphpH4TuNsuzwk_KanJjPgsXV1O1CqTEw3uQc/edit,,,,,,,open,
company-overview/sustainability/msd-medical-outreach-program,https://www.msd.com/company-overview/sustainability/msd-medical-outreach-program/,https://docs.google.com/document/d/1PAn3v2-f6WzCiGvUp9feuwWF1_2JO5EOcM2Ig-ACIbA/edit,,,,,,,open,
investor-relations/events-and-presentations,https://www.msd.com/investor-relations/events-and-presentations/,https://docs.google.com/document/d/16jKy14WtDh9wIOf41RyZIpyxAIjaeUA4q0oDMai2McM/edit,,,,,,,open,
research/infectious-diseases/hiv,https://www.msd.com/research/infectious-diseases/hiv/,https://docs.google.com/document/d/1_XUtK-Bz-0xZfFVUDT6-8a_x8QBlpUXdgcUjF8DmFP0/edit,,,,,,,open,
company-overview/sustainability/philanthropy/improving-health-care-access/promoting-equity-in-hiv-aids-care,https://www.msd.com/company-overview/sustainability/philanthropy/improving-health-care-access/promoting-equity-in-hiv-aids-care/,https://docs.google.com/document/d/1GwScrbwnG9arox1-qZ4dc0pp0INOrLqzVQqLN_muTjM/edit,,,,,,,open,
ical,https://www.msd.com/ical/,,,,,,,,open,
research/areas-of-innovation,https://www.msd.com/research/areas-of-innovation/,,,,,,,,open,
research/our-science-in-action,https://www.msd.com/research/our-science-in-action/,https://docs.google.com/document/d/1JScBH1obC15TXfmCmEle64f-sLkmqJjSeY-Qm7eeCnc/edit,,,,,,,open,
company-overview/sustainability/impact-venture-fund,https://www.msd.com/company-overview/sustainability/impact-venture-fund/,https://docs.google.com/document/d/1lyofNFb62J8jG_-OiLQa03oyaeEJ4LF-iYD3vIWdKHM/edit,,,,,,,open,
company-overview/suppliers/economic-inclusion-and-small-business-development,https://www.msd.com/company-overview/suppliers/economic-inclusion-and-small-business-development/,https://docs.google.com/document/d/1k3SHAdGOz_s6Mikjmwd5x9VJbJ4PSk1CWG-_X9knFOU/edit,,,,,,,open,
company-overview/diversity-and-inclusion/initiatives/disability-inclusion,https://www.msd.com/company-overview/diversity-and-inclusion/initiatives/disability-inclusion/,https://docs.google.com/document/d/1IgoDsE2X4qwvYHDBdkJPN-Clw2CmsxNnjiZP1v8kq_A/edit,,,,,,,open,
company-overview/diversity-and-inclusion/initiatives/employee-business-resource-groups,https://www.msd.com/company-overview/diversity-and-inclusion/initiatives/employee-business-resource-groups/,https://docs.google.com/document/d/1osZm28KbgrchLfISfKVwWdesPfNj8VNf_zSR8JrkgyU/edit,,,,,,,open,
company-overview/diversity-and-inclusion/initiatives/ambassador-teams,https://www.msd.com/company-overview/diversity-and-inclusion/initiatives/ambassador-teams/,https://docs.google.com/document/d/1o0X1Pnz6emD1Wy4uqZgS2nK5AzILr4RWe0_H6HO9WUk/edit,,,,,,,open,
company-overview/diversity-and-inclusion/partners,https://www.msd.com/company-overview/diversity-and-inclusion/partners/,https://docs.google.com/document/d/1RIVsQismCbnnJuZAaglcllsY6f7MoDYaU1IAeSlPjSc/edit,,,,,,,open,
company-overview/diversity-and-inclusion/initiatives,https://www.msd.com/company-overview/diversity-and-inclusion/initiatives/,https://docs.google.com/document/d/1jqFEbKT3-JfCRnaA58kXPnDq1nHfTzHTcCHoGQgLhj0/edit,,,,,,,open,
company-overview/diversity-and-inclusion/strategy,https://www.msd.com/company-overview/diversity-and-inclusion/strategy/,https://docs.google.com/document/d/16VXOpCAgs_mytdSlrFnW4TDxvYkDZDpjTujFuxupizI/edit,,,,,,,open,
thank-you-for-contacting-msdethics-com,https://www.msd.com/thank-you-for-contacting-msdethics-com/,https://docs.google.com/document/d/1N6AQjEzweUVSXGfoG12Krefo2K08aDk5EsUkvAcI-8Q/edit,,,,,,,open,
research/infectious-diseases,https://www.msd.com/research/infectious-diseases/,https://docs.google.com/document/d/1igUYhkFHUIxWkRdbuMEoGF8m2LRd7xJLzUyV7dY7lJ8/edit,,,,,,,open,
research/ophthalmology,https://www.msd.com/research/ophthalmology/,https://docs.google.com/document/d/1uTybA33HRDG8hjH4OCcAmRLFWioxJ3QW9ee4vyMJCbM/edit,,,,,,,open,
company-overview/sustainability/philanthropy/improving-health-care-access/advancing-patient-centered-cancer-care-in-resource-limited-countries,https://www.msd.com/company-overview/sustainability/philanthropy/improving-health-care-access/advancing-patient-centered-cancer-care-in-resource-limited-countries/,https://docs.google.com/document/d/11Owvbz0Mp18lFAoHTMwSbBt9rSiLay3Kg-4hv-BfliU/edit,,,,,,,open,
research/areas-of-innovation/data-science-and-artificial-intelligence,https://www.msd.com/research/areas-of-innovation/data-science-and-artificial-intelligence/,https://docs.google.com/document/d/1MtkIoPN0Juss-_JqF74zeR_BmW6N10HaGPDgHJDH-QU/edit,,,,,,,open,
research/eyebiotechlimited,https://www.msd.com/research/eyebiotechlimited/,https://docs.google.com/document/d/1O-w8zhZ9M3umO9UwS0jpP_YiuJtnMxf7QXECXGOeV7I/edit,,,,,,,open,
company-overview/sustainability/philanthropy/msd-richard-t-clark-fellowship-for-global-health,https://www.msd.com/company-overview/sustainability/philanthropy/msd-richard-t-clark-fellowship-for-global-health/,https://docs.google.com/document/d/1T4Qo68VpB19bKeUA6lfMjle_ZsT1W4kJufbLHVp8nwA/edit,,,,,,,open,
company-overview/sustainability/philanthropy/solutions-for-healthy-communities,https://www.msd.com/company-overview/sustainability/philanthropy/solutions-for-healthy-communities/,https://docs.google.com/document/d/1sCDIIEfp7_hgRwckT8XFbxdwm1OAzqde5VxET4r6l9A/edit,,,,,,,open,
research/patent,https://www.msd.com/research/patent/,https://docs.google.com/document/d/1nC6YKbJFEsfistL3NREH_gNPq6JuyD0Ji52ylWhTBgU/edit,,,,,,,open,
company-overview/sustainability/access-to-health,https://www.msd.com/company-overview/sustainability/access-to-health/,https://docs.google.com/document/d/1uTXYDhRr9hnaEwxoqhD-1HnUX3JBKt84FuWnCoL2EwE/edit,,,,,,,open,
research/areas-of-focus,https://www.msd.com/research/areas-of-focus/,https://docs.google.com/document/d/1_SNwvpYrel_u-zQXeUFqzbGvGKMOT1XJe3Sj_txS0xM/edit,,,,,,,open,
research/postdoctoral-research-fellows-program,https://www.msd.com/research/postdoctoral-research-fellows-program/,https://docs.google.com/document/d/1SEkAd0XO2pW8Q46huBbvmR0HgVHtR5YJSX9IJqONvHM/edit,,,,,,,open,
company-overview/sustainability/philanthropy/improving-health-care-access/strengthening-health-systems-resilience-through-immunization,https://www.msd.com/company-overview/sustainability/philanthropy/improving-health-care-access/strengthening-health-systems-resilience-through-immunization/,https://docs.google.com/document/d/1QXAcxQdIx-QEMe93sRrVMsGRf4b-UeGEbyF0F_rGJs0/edit,,,,,,,open,
research/business-development-and-licensing/collaborate-with-us,https://www.msd.com/research/business-development-and-licensing/collaborate-with-us/,https://docs.google.com/document/d/10kPoqTB05PRAoYpa4JU6xVbmpLHG5NTefU17EZNC91I/edit,,,,,,,open,
research/business-development-and-licensing/news,https://www.msd.com/research/business-development-and-licensing/news/,,,,,,,,open,
research/business-development-and-licensing,https://www.msd.com/research/business-development-and-licensing/,https://docs.google.com/document/d/1a-S14F9m0yCQWmVbB5GM4O5nSpmmYPpAADi3fwdvsgI/edit,,,,,,,open,
research/publications,https://www.msd.com/research/publications/,,,,,,,,open,
research/areas-of-innovation/green-and-sustainable-science/green-chemistry-programs-and-initiatives,https://www.msd.com/research/areas-of-innovation/green-and-sustainable-science/green-chemistry-programs-and-initiatives/,https://docs.google.com/document/d/14r_o9OP1f5PkPQKQ7NaacRpjat9BnVr1SqQwMtmJ-DQ/edit,,,,,,,open,
research/scientific-capabilities,https://www.msd.com/research/scientific-capabilities/,,,,,,,,open,
research/neuroscience,https://www.msd.com/research/neuroscience/,https://docs.google.com/document/d/1xUE8hjW9hW8e9LxwX8mxpoQZNygVfXKB6x3EjmZ3CiU/edit,,,,,,,open,
patients/play-an-active-role-in-your-health-care/make-the-most-of-your-doctors-visit,https://www.msd.com/patients/play-an-active-role-in-your-health-care/make-the-most-of-your-doctors-visit/,https://docs.google.com/document/d/1JO7Wk2mnbx300f1wwBt7zQNISF9L8lUv-6qVyAvqcA8/edit,,,,,,,open,
patients/play-an-active-role-in-your-health-care/caregiver-support,https://www.msd.com/patients/play-an-active-role-in-your-health-care/caregiver-support/,https://docs.google.com/document/d/1Kdhnmsl2YBYDAF7n5OplcUDiq9sGpWC3Zn7Wqp6prn4/edit,,,,,,,open,
patients/play-an-active-role-in-your-health-care/medicine-safety-tips,https://www.msd.com/patients/play-an-active-role-in-your-health-care/medicine-safety-tips/,https://docs.google.com/document/d/1aQ9JYEwggEA3O3m2wBq7Wy8ql-d10bInbstzo0LB2vg/edit,,,,,,,open,
patients/play-an-active-role-in-your-health-care,https://www.msd.com/patients/play-an-active-role-in-your-health-care/,https://docs.google.com/document/d/1fYApgmXslrOJ8CtiTqNnERTedDfR4bpExEayQOItz6A/edit,,,,,,,open,
research/clinical-trials,https://www.msd.com/research/clinical-trials/,https://docs.google.com/document/d/19hvyh_iQEo4Pe9r9ZRCIsM35GjT5N8rtikJBvfStqpg/edit,,,,,,,open,
research/clinical-trials/diversity-in-clinical-trials,https://www.msd.com/research/clinical-trials/diversity-in-clinical-trials/,https://docs.google.com/document/d/1l_OYKWYRqa97Qi5cL87SyIlELkNo3B_DeBoTpgIyN3g/edit,,,,,,,open,
company-overview/sustainability/philanthropy/improving-health-care-access/expanding-access-to-cancer-care-in-asia,https://www.msd.com/company-overview/sustainability/philanthropy/improving-health-care-access/expanding-access-to-cancer-care-in-asia/,https://docs.google.com/document/d/1-T0qqhqgUEBzaJrqg7cg-3mPInU-Rs8O3b9QG9J85P4/edit,,,,,,,open,
media/company-fact-sheet,https://www.msd.com/media/company-fact-sheet/,https://docs.google.com/document/d/1kcbhVeJReMDs6ii398-c_QZ_EnZU03eV4UEkY4NMB2Y/edit,,,,,,,open,
research/immunology,https://www.msd.com/research/immunology/,https://docs.google.com/document/d/1qm65ptnoSHHj149mYD5CtZzF3WA4DlHaSDRwg0dk1oA/edit,,,,,,,open,
what-we-do,https://www.msd.com/what-we-do/,https://docs.google.com/document/d/1YL1obyGeNVniByHGwqvKXzNxzp0StcRvdykPg15UDKY/edit,,,,,,,open,
company-overview/sustainability/environmental-sustainability,https://www.msd.com/company-overview/sustainability/environmental-sustainability/,https://docs.google.com/document/d/1oSoCtci_Qr15mXNlN4xYouiphsiZhUvF11eQJCPYdAM/edit,,,,,,,open,
company-overview/suppliers/what-we-buy,https://www.msd.com/company-overview/suppliers/what-we-buy/,https://docs.google.com/document/d/1tiYUpmSot7AlipsVGjXLkDZjXSxtgQw2geCyNxkG1Fs/edit,,,,,,,open,
research/meet-our-scientists,https://www.msd.com/research/meet-our-scientists/,,,,,,,,open,
what-we-do/the-journey-of-a-molecule,https://www.msd.com/what-we-do/the-journey-of-a-molecule/,https://docs.google.com/document/d/1aWtjDN9Fv2Y2UV9itrWxydSMW3YRyMTnOFeoma_aiNo/edit,,,,,,,open,
company-overview/sustainability/philanthropy/msd-foundation,https://www.msd.com/company-overview/sustainability/philanthropy/msd-foundation/,https://docs.google.com/document/d/1Jw5eF0KZ4bKWsdH-O3BSL1v7MivZ1f5HI9UYW4YD29M/edit,,,,,,,open,
company-overview/sustainability/philanthropy/strengthening-our-communities,https://www.msd.com/company-overview/sustainability/philanthropy/strengthening-our-communities/,https://docs.google.com/document/d/16jVzLiNNnJcjD1XUdK8N77482pNnZWphUfT4mSvYEgo/edit,,,,,,,open,
responsible-vulnerability-disclosure-program-of-msd,https://www.msd.com/responsible-vulnerability-disclosure-program-of-msd/,https://docs.google.com/document/d/1OHP6kKPoKlkmjvO4r6jd9DLr_SuURALRu0QS-t1G6R4/edit,,,,,,,open,
research/product-pipeline,https://www.msd.com/research/product-pipeline/,https://docs.google.com/document/d/1zJyXZEFiVehZR5D-_c_cQAB93dpxX9oiB7NJSMWNUIw/edit,,,,,,,open,
company-overview/sustainability/philanthropy/improving-health-care-access/advancing-equity-in-cancer-care,https://www.msd.com/company-overview/sustainability/philanthropy/improving-health-care-access/advancing-equity-in-cancer-care/,https://docs.google.com/document/d/1aQa9UJXYL6foQ5pc1loebZ5NtvWeZez6FyTU55ynbaM/edit,,,,,,,open,
research/rd-locations,https://www.msd.com/research/rd-locations/,https://docs.google.com/document/d/1rjhnOzKAq76f5A5NGEJ1ilLwNpzk1bC0yFNLor73dbA/edit,,,,,,,open,
research/safety-data-sheets,https://www.msd.com/research/safety-data-sheets/,,,,,,,,open,
research/discovery-development/ethical-treatment-of-animals,https://www.msd.com/research/discovery-development/ethical-treatment-of-animals/,https://docs.google.com/document/d/1EW7xAkLVGtK0QRdX1bp_e4U1re3PujBF1opztcLRIe0/edit,,,,,,,open,
company-overview/sustainability/sustainability-resources,https://www.msd.com/company-overview/sustainability/sustainability-resources/,https://docs.google.com/document/d/1rAiFftkPfM0LtTJzAfnxtCdtvApvuEW8E4_5n7VsOCU/edit,,,,,,,open,
general-po-terms-and-conditions,https://www.msd.com/general-po-terms-and-conditions/,https://docs.google.com/document/d/1GM5cj936YpvG-f6ixkdpwNFg2AjSZ3bCdbjwNICW6ms/edit,,,,,,,open,
company-overview/sustainability/transparency-disclosures,https://www.msd.com/company-overview/sustainability/transparency-disclosures/,https://docs.google.com/document/d/1IXEPDcWVODYQiB6zD6LBYeWf-fY8DUZpEWaUjYS1UZQ/edit,,,,,,,open,
company-overview/sustainability/philanthropy/improving-health-care-access/improving-access-to-hiv-care-in-sub-saharan-africa,https://www.msd.com/company-overview/sustainability/philanthropy/improving-health-care-access/improving-access-to-hiv-care-in-sub-saharan-africa/,https://docs.google.com/document/d/1-1XXblRBWsXTy6S-2aLLiDX3uBuu4oHsdV4tSuWSCio/edit,,,,,,,open,
media/company-statements,https://www.msd.com/media/company-statements/,,,,,,,,open,
company-overview/sustainability/philanthropy,https://www.msd.com/company-overview/sustainability/philanthropy/,https://docs.google.com/document/d/1Tf_JWdgmHgrEMy8XhQgwRCLPSthDXZziT20OKGTdL8c/edit,,,,,,,open,
company-overview/sustainability/philanthropy/improving-health-care-access/improving-access-to-high-quality-diabetes-care,https://www.msd.com/company-overview/sustainability/philanthropy/improving-health-care-access/improving-access-to-high-quality-diabetes-care/,https://docs.google.com/document/d/1uPxjH3fpyeIDxrpHd-rXI4cL_sIJfqKiJfOsKCCvRdQ/edit,,,,,,,open,
purchase-order-terms-and-conditions,https://www.msd.com/purchase-order-terms-and-conditions/,https://docs.google.com/document/d/1FzB5Z1cYnB_XKLFDdzna8-9fnAZ2IWg4ZcXTsNdIdOw/edit,,,,,,,open,
contact-us/worldwide-locations,https://www.msd.com/contact-us/worldwide-locations/,,,,,,,,open,
contact-us,https://www.msd.com/contact-us/,https://docs.google.com/document/d/1cY511TcTb_qOICYdH78HdGlX3VYRbKVeqP4V_rhYi-U/edit,,,,,,,open,
copyright,https://www.msd.com/copyright/,https://docs.google.com/document/d/1OqROfbQwp6xmos-5FOW-ORiBu6_6iAIbEFVuzDUxD18/edit,,,,,,,open,
forward-looking-statement,https://www.msd.com/forward-looking-statement/,https://docs.google.com/document/d/191qY1mUqgi_Qu9kxrxw3vqUITpGpmm6EKHwsPFzuGM8/edit,,,,,,,open,
terms-of-use,https://www.msd.com/terms-of-use/,https://docs.google.com/document/d/17gdxLkLJhL5im78a1HYu0IlsCUAMM_-QDozxEhcMnFA/edit,,,,,,,open,
sitemap,https://www.msd.com/sitemap/,https://docs.google.com/document/d/1mShw63ej0cS-ov2nrARALNhR91UsosAOEjWp9YLuMtw/edit,,,,,,,open,
company-overview/culture-and-values/code-of-conduct/values-and-standards,https://www.msd.com/company-overview/culture-and-values/code-of-conduct/values-and-standards/,https://docs.google.com/document/d/1FQRwF8wuNeUWzvoyHMle0obiMO5MOBIZfgkAZ_vltJc/edit,,,,,,,open,
company-overview/suppliers,https://www.msd.com/company-overview/suppliers/,https://docs.google.com/document/d/1P4VRLOjzmYhUc50B7yTwkAmXXLZmg6LVc3ahYQm04Ps/edit,,,,,,,open,
company-overview/culture-and-values/code-of-conduct/business-partner-code-of-conduct,https://www.msd.com/company-overview/culture-and-values/code-of-conduct/business-partner-code-of-conduct/,https://docs.google.com/document/d/1e7mvQMUsm9gSj2NgZ-19kVMmi_egkoAWYEvRuzeDp2I/edit,,,,,,,open,
company-overview/culture-and-values/code-of-conduct,https://www.msd.com/company-overview/culture-and-values/code-of-conduct/,https://docs.google.com/document/d/1Hl3x_F0YoFL07GaXEOIE6g9MD_R0M4hQVDhVoHUIqSs/edit,,,,,,,open,
company-overview/policies-and-positions,https://www.msd.com/company-overview/policies-and-positions/,https://docs.google.com/document/d/1fbSABPfw1S-I6OgTGJp38DL1VHdG8zJNzKKQQmjpVAc/edit,,,,,,,open,
research/vaccines,https://www.msd.com/research/vaccines/,https://docs.google.com/document/d/1zS17LaZJ4TkoMsMu4NQCcpAS38OeNFtdmHgrZKezuqc/edit,,,,,,,open,
research/oncology,https://www.msd.com/research/oncology/,https://docs.google.com/document/d/1e5PIWtvjf-pZOab-ik67f7VY3yO-2XA2QvDBjLpdZvA/edit,,,,,,,open,
research/discovery-development,https://www.msd.com/research/discovery-development/,https://docs.google.com/document/d/1A8lTDc9XxfXDobTmSTLeN0QbmKgpsRXl_UGyFdpKv9s/edit,,,,,,,open,
company-overview/diversity-and-inclusion,https://www.msd.com/company-overview/diversity-and-inclusion/,https://docs.google.com/document/d/1Z9EJMERdZDp265bqfANDDLfD1bcRPiiMaYN7R-grUII/edit,,,,,,,open,
company-overview/culture-and-values,https://www.msd.com/company-overview/culture-and-values/,https://docs.google.com/document/d/1efw5cQ7-aZv9YyYJy9wZj3NpHQ9G2l897YpJEAg6kNk/edit,,,,,,,open,
company-overview/leadership/board-of-directors,https://www.msd.com/company-overview/leadership/board-of-directors/,https://docs.google.com/document/d/1Bu1j77F8We1JeY-hjjQurGNOQnGsg1uI_twgpuJzGRY/edit,,,,,,,open,
company-overview/leadership/executive-team,https://www.msd.com/company-overview/leadership/executive-team/,https://docs.google.com/document/d/1O4OHeE3j-84xREolA8FqsMbLLx4n__H5vUdSE9fLYtc/edit,,,,,,,open,
company-overview/sustainability,https://www.msd.com/company-overview/sustainability/,https://docs.google.com/document/d/18jZWBhPeWFMBZI-H62DpXoVADBPwhHo1Pii-hsaDBWU/edit,,,,,,,open,
company-overview,https://www.msd.com/company-overview/,https://docs.google.com/document/d/1JwIA19EO6mxV_S-BftEDIgddC1-PEGx6t14hl4KZcOU/edit,,,,,,,open,
company-overview/leadership,https://www.msd.com/company-overview/leadership/,https://docs.google.com/document/d/1gHrD_cbh8Ayf4DB7L7lZcFqJB6_0XAKVna6Bw1ZtKQU/edit,,,,,,,open,
media,https://www.msd.com/media/,https://docs.google.com/document/d/1RG4volmA94tv6u4JHOuaWclieSor2b2ThVdLILvJhMw/edit,,,,,,,open,
patients,https://www.msd.com/patients/,https://docs.google.com/document/d/1b4UluoDPi2UtFE-n570GaHbR3nq54DCQVMhYjgohng8/edit,,,,,,,open,
stories,https://www.msd.com/stories/,https://docs.google.com/document/d/1nwJHqvIs-aidIsiiCy80qdAhXDHuCo1C7ETaM60KNxo/edit,,,,,,,open,
research,https://www.msd.com/research/,https://docs.google.com/document/d/1gwzq1TlDyXVaV3wAZ_fVRbT8cV5DG9IZDqVCRtR44WY/edit,,,,,,,open,
